duration,mfcc_mean_1,mfcc_mean_2,mfcc_mean_3,mfcc_mean_4,mfcc_mean_5,mfcc_mean_6,mfcc_mean_7,mfcc_mean_8,mfcc_mean_9,mfcc_mean_10,mfcc_std_1,mfcc_std_2,mfcc_std_3,mfcc_std_4,mfcc_std_5,mfcc_std_6,mfcc_std_7,mfcc_std_8,mfcc_std_9,mfcc_std_10,rms_mean,rms_std,spectral_centroid_mean,spectral_centroid_std,spectral_rolloff_mean,spectral_rolloff_std,spectral_bandwidth_mean,spectral_bandwidth_std,spectral_contrast_mean_1,spectral_contrast_mean_2,spectral_contrast_mean_3,spectral_contrast_mean_4,spectral_contrast_mean_5,spectral_contrast_mean_6,spectral_contrast_mean_7,spectral_contrast_std_1,spectral_contrast_std_2,spectral_contrast_std_3,spectral_contrast_std_4,spectral_contrast_std_5,spectral_contrast_std_6,spectral_contrast_std_7,spectral_flatness_mean,spectral_flatness_std
27713.0,-452.6908264160156,69.84544372558594,33.77213668823242,122.22901916503906,45.32206726074219,44.05970764160156,33.77549743652344,20.395240783691406,16.720901489257812,18.772306442260742,179.41116333007812,92.46961975097656,64.26119995117188,42.16639709472656,32.92731475830078,24.433536529541016,23.271108627319336,25.643823623657227,16.653127670288086,17.26093864440918,0.2684090268093853,0.13328475195584136,13000.0,13000.0,20000.0,20000.0,6580.8657660844365,2524.7751581110365,16.317814134160393,6.854952403348633,16.99090068810442,20.987991204136115,22.069336543550325,23.06472606969315,48.41885966985587,7.724098093774407,5.461076612001797,7.751851970014626,7.631358913826701,8.480541086373336,7.405306187578287,10.68858862859225,0.267450749874115,0.22331617772579193
883.0,-877.3359985351562,-200.46810913085938,-196.6082000732422,-36.4977912902832,-52.939395904541016,-31.71706771850586,-42.142372131347656,-46.12620162963867,-34.574562072753906,-33.97417068481445,16.606203079223633,5.71670389175415,7.534121990203857,5.246324062347412,4.82236385345459,2.9296720027923584,3.136214256286621,2.88973331451416,3.94783091545105,3.2340030670166016,0.0016394707457902094,0.002018115579594929,0.0,0.0,0.0,0.0,1630.766328409678,109.90876371340511,1.572558755016338,0.5244445593280539,3.152181238217293,6.374152683150296,8.95281574183,11.337431671480106,18.52589343178255,1.0233660750419884,0.39370054299145085,1.7866255504719784,1.7953135639620543,2.060927705625176,1.8620508013825965,1.2506236064515368,2.825178853527177e-05,1.874913323263172e-05
