mfcc_mean_1,mfcc_mean_2,mfcc_mean_3,mfcc_mean_4,mfcc_mean_5,mfcc_mean_6,mfcc_mean_7,mfcc_mean_8,mfcc_mean_9,mfcc_mean_10,mfcc_mean_11,mfcc_mean_12,mfcc_mean_13,mfcc_mean_14,mfcc_mean_15,mfcc_mean_16,mfcc_mean_17,mfcc_mean_18,mfcc_mean_19,mfcc_mean_20,mfcc_std_1,mfcc_std_2,mfcc_std_3,mfcc_std_4,mfcc_std_5,mfcc_std_6,mfcc_std_7,mfcc_std_8,mfcc_std_9,mfcc_std_10,mfcc_std_11,mfcc_std_12,mfcc_std_13,mfcc_std_14,mfcc_std_15,mfcc_std_16,mfcc_std_17,mfcc_std_18,mfcc_std_19,mfcc_std_20
-126.801254,237.65097,108.34183,126.21181,47.200558,57.42458,49.510094,37.4978,30.12598,27.419304,33.18557,23.960007,38.317837,34.890034,22.072227,24.265238,20.190002,28.99949,23.607098,16.454756,215.16716,113.3769,53.092606,40.522343,41.740303,31.6194,28.045364,26.418478,23.594772,19.193602,17.817034,20.940918,19.916483,16.311195,16.842463,19.177357,19.888441,15.542736,14.69749,15.311055
-611.78516,-130.26477,-172.74275,-65.46746,-79.41352,-55.728817,-55.317783,-40.676235,-40.80294,-45.155422,-48.24971,-48.147633,-35.85849,-33.051468,-33.508507,-37.80121,-27.767664,-27.989697,-29.547695,-24.137213,5.6785207,4.0387554,3.0077498,2.358878,3.3798456,1.0310143,2.0409153,2.6306047,2.186847,1.3065343,2.0480385,2.2797353,1.206379,0.6391387,2.170258,1.8839817,2.0711105,1.9454468,1.8409238,1.3037418
