duration,mfcc_mean_1,mfcc_mean_2,mfcc_mean_3,mfcc_mean_4,mfcc_mean_5,mfcc_mean_6,mfcc_mean_7,mfcc_mean_8,mfcc_mean_9,mfcc_mean_10,mfcc_std_1,mfcc_std_2,mfcc_std_3,mfcc_std_4,mfcc_std_5,mfcc_std_6,mfcc_std_7,mfcc_std_8,mfcc_std_9,mfcc_std_10,rms_mean,rms_std,spectral_centroid_mean,spectral_centroid_std,spectral_rolloff_mean,spectral_rolloff_std,spectral_bandwidth_mean,spectral_bandwidth_std,spectral_contrast_mean_1,spectral_contrast_mean_2,spectral_contrast_mean_3,spectral_contrast_mean_4,spectral_contrast_mean_5,spectral_contrast_mean_6,spectral_contrast_mean_7,spectral_contrast_std_1,spectral_contrast_std_2,spectral_contrast_std_3,spectral_contrast_std_4,spectral_contrast_std_5,spectral_contrast_std_6,spectral_contrast_std_7,spectral_flatness_mean,spectral_flatness_std
27713.0,-174.60595703125,223.09384155273438,102.90580749511719,124.84898376464844,46.59757995605469,56.90707778930664,49.01764678955078,36.99190902709961,27.52248191833496,27.612905502319336,229.39279174804688,111.05660247802734,62.15586471557617,47.95075607299805,50.943843841552734,35.59708786010742,29.741493225097656,30.95625877380371,23.128376007080078,22.111909866333008,0.2684090268093853,0.13328475195584136,12579.508049826378,4502.650378362602,18174.98046875,9422.40289360867,6580.8657660844365,2524.7751581110365,16.317814134160393,6.854952403348633,16.99090068810442,20.987991204136115,22.069336543550325,23.06472606969315,48.41885966985587,7.724098093774407,5.461076612001797,7.751851970014626,7.631358913826701,8.480541086373336,7.405306187578287,10.68858862859225,0.267450749874115,0.22331617772579193
883.0,-666.7568969726562,-131.42489624023438,-169.94979858398438,-68.14293670654297,-79.9566421508789,-53.040401458740234,-36.126712799072266,-44.613548278808594,-39.23346710205078,-35.492713928222656,13.622869491577148,5.897696495056152,3.7097675800323486,4.4570512771606445,4.785682201385498,2.1882519721984863,2.6440868377685547,3.0819478034973145,2.3072669506073,2.5284931659698486,0.0016394707457902094,0.002018115579594929,616.5399537170927,143.05240098636682,642.55078125,116.08218971085275,1630.766328409678,109.90876371340511,1.572558755016338,0.5244445593280539,3.152181238217293,6.374152683150296,8.95281574183,11.337431671480106,18.52589343178255,1.0233660750419884,0.39370054299145085,1.7866255504719784,1.7953135639620543,2.060927705625176,1.8620508013825965,1.2506236064515368,2.825178853527177e-05,1.874913323263172e-05
